,Date,Open,Close,High,Low,Volume
0,1635652800000,42.16,41.8,42.186,41.771,2043.9425504
1,1635649200000,42.421,42.106,42.439,41.878,2087.18850385
2,1635645600000,42.667,42.342,42.813,42.308,1178.35915286
3,1635642000000,43.174,42.621,43.191,42.597,616.72563722
4,1635638400000,42.723,43.217,43.381,42.625,5874.80039665
5,1635634800000,42.518,42.771,42.876,42.428,2126.75157647
6,1635631200000,42.919,42.506,42.919,42.148,8227.5132593
7,1635627600000,43.075,42.834,43.091,42.742,896.67326557
8,1635624000000,43.311,43.079,43.416,43.045,338.21346277
9,1635620400000,43.19,43.276,43.324,43.124,445.86088916
10,1635616800000,42.87,43.218,43.223,42.87,528.2613132
11,1635613200000,42.694,42.83,42.962,42.666,1598.35162762
12,1635609600000,43.01,42.777,43.067,42.676,1599.23383735
13,1635606000000,42.733,43.087,43.087,42.604,8211.11026892
14,1635602400000,43.046,42.742,43.074,42.47,6496.36037795
15,1635598800000,43.248,43.077,43.368,42.882,3482.85901588
16,1635595200000,43.433,43.269,43.433,43.165,999.3186961
17,1635591600000,43.407,43.361,43.588,43.253,2075.67013656
18,1635588000000,43.048,43.374,43.429,42.967,2909.56684371
19,1635584400000,42.849,43.038,43.205,42.776,1506.0300998
20,1635580800000,43.316,42.861,43.318,42.735,2926.23181908
21,1635577200000,43.289,43.283,43.457,43.184,1406.4036505
22,1635573600000,43.217,43.25,43.34,43.035,2035.44344436
23,1635570000000,42.995,43.188,43.239,42.939,2295.61792924
24,1635566400000,43.205,42.991,43.375,42.952,2852.93674069
25,1635562800000,43.445,43.172,43.528,43.077,2527.71652802
26,1635559200000,43.602,43.479,43.664,43.358,2759.24343792
27,1635555600000,43.735,43.595,43.989,43.538,2948.11740285
28,1635552000000,44.228,43.704,44.308,43.666,8514.34484848
29,1635548400000,44.168,44.194,44.194,43.886,3148.04989389
30,1635544800000,44.314,44.068,44.391,44.013,11146.16635157
31,1635541200000,44.191,44.314,44.314,44.077,6365.83469598
32,1635537600000,44.11,44.178,44.237,43.996,2983.2535269
33,1635534000000,44.147,44.093,44.313,43.838,8756.67800772
34,1635530400000,44.283,44.077,44.321,43.879,7537.85577671
35,1635526800000,43.666,44.258,44.265,43.532,4668.87376385
36,1635523200000,43.315,43.763,43.763,43.304,5166.57452307
37,1635519600000,42.487,43.321,43.401,42.446,7506.23410694
38,1635516000000,42.727,42.428,42.773,42.427,1021.19618655
39,1635512400000,42.468,42.715,42.715,42.308,1308.3402779
40,1635508800000,42.565,42.463,42.777,42.357,2272.96365894
41,1635505200000,42.712,42.605,43.006,42.449,4450.37174378
42,1635501600000,42.858,42.686,42.957,42.494,3990.24860802
43,1635498000000,43.046,42.829,43.142,42.8,1552.49288427
44,1635494400000,42.577,43.111,43.111,42.375,5440.57917887
45,1635490800000,42.951,42.577,43.02,42.545,1025.2012003
46,1635487200000,42.925,43.012,43.138,42.761,2800.02393097
47,1635483600000,43.201,42.839,43.343,42.699,1796.64353742
48,1635480000000,43.569,43.24,43.738,43.215,2903.30202775
49,1635476400000,43.274,43.6,43.77,43.245,12685.63087995
50,1635472800000,43.007,43.23,43.343,42.993,1957.72106824
51,1635469200000,42.4,43.13,43.475,42.335,4792.39539483
52,1635465600000,41.825,42.417,42.475,41.593,2983.36903412
53,1635462000000,42.203,41.805,42.337,41.793,2481.49580718
54,1635458400000,41.999,42.144,42.378,41.968,4333.7433945
55,1635454800000,42.407,41.971,42.467,41.971,4247.6830455
56,1635451200000,42.683,42.464,43.027,42.335,6636.01336888
57,1635447600000,41.921,42.705,42.705,41.633,3759.47141276
58,1635444000000,42.618,41.935,42.618,41.5,24516.26623066
59,1635440400000,42.589,42.71,42.757,42.4,3192.63313873
60,1635436800000,42.548,42.422,42.898,42.405,8961.01123886
61,1635433200000,42.809,42.576,42.821,42.452,1800.24474839
62,1635429600000,42.8,42.807,42.844,42.379,4837.14510123
63,1635426000000,42.734,42.838,42.925,42.521,1070.68517224
64,1635422400000,42.419,42.822,42.822,42.298,2425.11696134
65,1635418800000,42.878,42.407,42.952,42.308,4592.69183005
66,1635415200000,42.99,42.78,43.091,42.697,3047.60143684
67,1635411600000,42.961,42.981,42.991,42.346,75241.95995787
68,1635408000000,41.386,42.955,42.955,41.312,10814.38331045
69,1635404400000,41.21,41.253,41.537,41.095,6199.61720098
70,1635400800000,41.1,41.19,41.205,40.248,6507.7439135
71,1635397200000,41.009,41.04,41.36,40.831,4179.90036444
72,1635393600000,41.139,40.918,41.615,40.918,2237.76833992
73,1635390000000,40.779,41.099,41.174,40.758,1742.19707976
74,1635386400000,40.639,40.646,40.772,40.389,1564.34783323
75,1635382800000,40.027,40.723,40.904,39.821,12371.25316726
76,1635379200000,40.465,40.05,41.195,40.027,3780.21587991
77,1635375600000,41.263,40.351,41.351,40.351,4736.94160819
78,1635372000000,41.029,41.192,41.289,40.815,6189.69173547
79,1635368400000,40.619,41.151,41.151,40.619,1865.7722499
80,1635364800000,40.98,40.604,41.167,40.087,7732.49787613
81,1635361200000,40.65,40.93,40.93,40.028,25381.1394965
82,1635357600000,41.012,40.645,41.336,40.634,35937.61420161
83,1635354000000,41.33,41.034,41.66,40.886,3159.12139205
84,1635350400000,41.467,41.374,41.652,40.934,7651.42130917
85,1635346800000,41.784,41.467,42.075,41.381,3953.72638496
86,1635343200000,41.652,41.823,42.211,41.358,4145.92460677
87,1635339600000,42.035,41.652,42.26,41.567,3153.84049074
88,1635336000000,41.699,42.055,42.064,41.369,5233.21141487
89,1635332400000,41.953,41.699,42.677,41.592,12662.5327837
90,1635328800000,41.784,42.014,42.196,41.163,11333.82856919
91,1635325200000,41.913,41.727,42.076,40.739,27566.94145811
92,1635321600000,43.196,41.958,43.196,38.59,294911.03448844
93,1635318000000,44.43,43.196,44.43,43.196,17531.47773742
94,1635314400000,45.427,44.459,45.451,44.43,14708.87947729
95,1635310800000,45.282,45.302,45.748,45.147,1701.75501294
96,1635307200000,44.845,45.258,45.342,44.731,2284.01880659
97,1635303600000,44.62,44.878,45.091,44.62,2043.72846288
98,1635300000000,44.567,44.616,44.74,44.32,28286.42493549
99,1635296400000,44.524,44.557,44.978,44.516,2356.05499631
100,1635292800000,44.881,44.545,45.136,44.489,3995.96909822
101,1635289200000,44.296,44.851,45.257,44.052,3477.59932438
102,1635285600000,44.966,44.206,45.204,43.688,12754.85071817
103,1635282000000,45.762,45.003,45.989,44.805,19262.09120601
104,1635278400000,44.59,45.735,45.765,44.586,17771.50357991
105,1635274800000,44.487,44.561,44.815,44.397,3792.2294535
106,1635271200000,44.686,44.393,44.895,44.242,4370.10677978
107,1635267600000,43.838,44.558,44.692,43.731,5526.94718066
108,1635264000000,43.882,43.819,44.05,43.563,14469.83683272
109,1635260400000,43.544,43.863,43.92,43.479,6289.5185189
110,1635256800000,44.057,43.62,44.057,43.336,8144.06276236
111,1635253200000,43.88,44.062,44.24,43.758,3490.4034566
112,1635249600000,43.997,43.882,44.136,43.719,2767.66992834
113,1635246000000,44.076,43.95,44.076,43.803,3285.43237855
114,1635242400000,43.771,44.065,44.092,43.706,804.44587133
115,1635238800000,44.019,43.758,44.049,43.7,3306.99706842
116,1635235200000,43.753,44.023,44.186,43.753,6385.76883099
117,1635231600000,43.767,43.734,43.776,43.598,1221.39171788
118,1635228000000,43.888,43.769,43.923,43.64,2038.37311612
119,1635224400000,43.937,43.928,44.055,43.878,1198.31474956
120,1635220800000,44.044,43.988,44.16,43.717,2661.29287102
121,1635217200000,44.303,44.059,44.303,43.975,1579.5407509899999
122,1635213600000,43.803,44.313,44.369,43.803,1958.24496357
123,1635210000000,44.346,43.783,44.346,43.776,4547.77850395
124,1635206400000,44.557,44.31,44.572,44.195,1892.14484016
125,1635202800000,44.555,44.539,44.588,44.418,1630.72676819
126,1635199200000,44.558,44.604,44.766,44.299,2550.52892317
127,1635195600000,44.388,44.566,44.612,44.311,1953.63558822
128,1635192000000,44.464,44.391,44.533,44.219,3504.35772469
129,1635188400000,44.722,44.254,44.728,44.075,5439.21590743
130,1635184800000,44.115,44.731,44.731,43.85,8715.26166542
131,1635181200000,43.588,44.113,44.5,43.535,16176.26813092
132,1635177600000,43.768,43.586,43.781,43.586,1587.07588593
133,1635174000000,43.566,43.751,43.794,43.38,2853.69267922
134,1635170400000,43.718,43.586,43.764,43.426,6978.00239606
135,1635166800000,43.349,43.718,43.747,43.349,2131.33018508
136,1635163200000,43.6,43.444,43.654,43.353,1030.82317919
137,1635159600000,43.636,43.56,43.739,43.444,12433.61269134
138,1635156000000,43.723,43.666,43.723,43.354,2766.79007134
139,1635152400000,43.774,43.73,43.905,43.522,2039.26504252
140,1635148800000,43.621,43.822,43.962,43.621,19211.94734097
141,1635145200000,43.438,43.606,43.866,43.361,2546.34797276
142,1635141600000,43.612,43.417,43.798,43.288,5669.09707165
143,1635138000000,43.43,43.631,43.635,43.304,2428.50237957
144,1635134400000,43.315,43.407,43.552,43.18,10377.980406
145,1635130800000,43.343,43.346,43.746,43.245,6750.75347405
146,1635127200000,43.071,43.33,43.343,42.864,4356.3734134
147,1635123600000,42.959,43.069,43.174,42.765,5343.24775817
148,1635120000000,42.349,42.875,42.9,42.121,7073.68189118
149,1635116400000,42.493,42.306,42.589,42.144,5106.3577738
150,1635112800000,42.561,42.526,42.736,42.421,3370.58174449
151,1635109200000,42.585,42.486,42.725,42.433,3318.62773464
152,1635105600000,42.157,42.562,42.562,42.049,12797.77139524
153,1635102000000,41.618,42.164,42.172,41.618,3923.5132415
154,1635098400000,42.018,41.556,42.039,41.33,4834.47450267
155,1635094800000,42.202,42.002,42.362,41.985,2423.75559091
156,1635091200000,41.783,42.202,42.248,41.34,18716.24321288
157,1635087600000,42.223,41.784,42.312,41.632,13059.58173406
158,1635084000000,42.501,42.195,42.587,42.151,1737.72987525
159,1635080400000,42.51,42.531,42.82,42.441,2664.06234956
160,1635076800000,42.561,42.515,42.798,42.15,13432.56395859
161,1635073200000,43.475,42.577,43.475,42.461,17907.74081659
162,1635069600000,43.456,43.536,43.647,43.39,1274.03648629
163,1635066000000,43.283,43.406,43.748,43.275,3753.77636721
164,1635062400000,43.991,43.331,43.997,43.331,6310.25878416
165,1635058800000,43.428,43.926,44.007,43.331,1798.7059050999999
166,1635055200000,43.46,43.411,43.525,43.248,1126.82356442
167,1635051600000,43.49,43.484,43.692,43.467,1686.52421256
168,1635048000000,43.724,43.514,43.724,43.46,954.5150397
169,1635044400000,43.88,43.722,43.926,43.694,849.64814687
170,1635040800000,43.936,43.853,44.073,43.742,3849.17076459
171,1635037200000,43.877,43.932,44.067,43.771,1472.84490268
172,1635033600000,43.951,43.849,44.172,43.745,3559.30938387
173,1635030000000,43.731,43.989,44.02,43.53,3179.4773474
174,1635026400000,43.595,43.734,43.892,43.518,2720.4055560799998
175,1635022800000,43.422,43.622,43.726,43.293,2892.73078942
176,1635019200000,43.128,43.433,43.444,43.082,1885.76176766
177,1635015600000,43.39,43.191,43.39,43.156,2069.7109062
178,1635012000000,43.591,43.381,43.634,43.26,4551.14563752
179,1635008400000,43.656,43.594,43.895,43.583,3969.10302996
180,1635004800000,44.011,43.7,44.209,43.594,6693.51075852
181,1635001200000,43.916,44.028,44.283,43.619,16007.7544402
182,1634997600000,43.836,43.876,44.129,43.706,9421.23703211
183,1634994000000,44.075,43.861,44.121,43.78,9099.39614653
184,1634990400000,44.259,44.105,44.259,44.059,5281.68144577
185,1634986800000,43.442,44.213,44.319,43.139,7356.19999162
186,1634983200000,44.165,43.442,44.341,43.43,7284.89220223
187,1634979600000,44.477,44.209,44.569,43.91,15067.43905723
188,1634976000000,44.302,44.477,44.703,44.289,8803.48073778
189,1634972400000,44.481,44.306,44.481,44.069,1550.91452003
190,1634968800000,44.035,44.48,44.482,43.924,1898.67723836
191,1634965200000,44.495,44.044,44.522,43.941,2301.42488797
192,1634961600000,44.528,44.484,44.734,44.306,1494.48719756
193,1634958000000,44.173,44.485,44.559,44.172,3892.47186406
194,1634954400000,44.141,44.143,44.344,44.061,2792.91660829
195,1634950800000,44.166,44.12,44.166,43.828,2111.17770482
196,1634947200000,43.523,44.166,44.174,43.191,3140.94093153
197,1634943600000,43.608,43.457,43.786,43.45,2579.26999694
198,1634940000000,43.04,43.638,43.691,42.994,1815.13661561
199,1634936400000,43.655,42.998,43.833,42.998,3608.4268809
200,1634932800000,43.464,43.639,43.819,43.372,2194.56843949
201,1634929200000,43.318,43.478,43.534,42.982,9724.53612535
202,1634925600000,43.735,43.317,44.04,43.154,14645.02399035
203,1634922000000,44.195,43.742,44.318,43.721,7556.68907277
204,1634918400000,44.332,44.204,44.452,43.301,34495.7319131
205,1634914800000,44.948,44.341,45.291,44.31,33347.72674636
206,1634911200000,44.983,44.896,44.983,43.875,42795.75752531
207,1634907600000,45.655,44.889,45.909,44.875,27964.54070118
208,1634904000000,46.177,45.652,46.221,45.504,23395.37101732
209,1634900400000,45.353,46.178,46.382,45.248,27983.89771139
210,1634896800000,45.351,45.346,45.49,44.946,21863.155531
211,1634893200000,45.617,45.343,45.685,45.121,18988.07438618
212,1634889600000,45.22,45.616,45.749,45.019,17284.98343701
213,1634886000000,44.958,45.209,45.246,44.73,9344.68430518
214,1634882400000,45.217,44.95,45.706,44.896,26713.21483866
215,1634878800000,45.063,45.216,45.357,44.829,17134.24908754
216,1634875200000,45.071,45.05,45.367,44.594,23849.32144377
217,1634871600000,43.773,45.04,45.397,43.773,31746.78790637
218,1634868000000,43.461,43.763,43.908,43.456,2969.42522287
219,1634864400000,43.477,43.506,43.882,43.423,9014.12723582
220,1634860800000,42.846,43.479,43.665,42.699,11752.17771578
221,1634857200000,42.757,42.829,43.26,42.63,12766.08871224
222,1634853600000,42.841,42.623,43.281,42.623,6778.69079094
223,1634850000000,42.744,42.812,43.442,42.732,8292.380862600001
224,1634846400000,42.893,42.717,42.946,42.557,4815.23702589
225,1634842800000,42.875,42.792,43.29,42.766,4643.44768512
226,1634839200000,42.531,42.768,43.157,42.531,8393.52877164
227,1634835600000,42.514,42.578,43.089,42.378,18936.27646948
228,1634832000000,42.729,42.555,43.318,42.47,24541.86639815
229,1634828400000,42.797,42.727,43.089,41.881,28369.07841623
230,1634824800000,43.882,42.831,44.238,42.703,33197.34003959
231,1634821200000,43.898,43.883,44.339,43.682,31137.85603423
232,1634817600000,43.558,43.902,43.947,42.93,10416.97274448
233,1634814000000,44.549,43.558,44.907,43.279,25554.38922215
234,1634810400000,44.711,44.497,44.758,44.191,13168.53137011
235,1634806800000,44.22,44.699,44.78,44.171,24580.65265935
236,1634803200000,43.905,44.218,44.529,43.895,19433.09253747
237,1634799600000,43.718,43.893,43.971,43.536,11153.73151402
238,1634796000000,43.725,43.719,44.129,43.462,15918.30568608
239,1634792400000,44.039,43.738,44.215,43.738,9899.67667349
240,1634788800000,43.965,44.088,44.137,43.702,21320.80911572
241,1634785200000,43.949,44.032,44.043,43.367,12966.94457376
242,1634781600000,44.562,43.983,44.771,43.357,26551.43693105
243,1634778000000,45.154,44.489,45.47,44.236,22133.55133744
244,1634774400000,44.41,45.205,45.452,44.193,7772.44798891
245,1634770800000,44.323,44.389,44.59,44.323,8874.61048988
246,1634767200000,44.288,44.323,44.465,44.178,1174.33224863
247,1634763600000,44.596,44.338,44.639,44.204,1404.21234102
248,1634760000000,44.908,44.573,44.928,44.387,17228.00883276
249,1634756400000,44.528,44.869,45.217,44.491,27320.20415814
250,1634752800000,44.439,44.521,44.853,44.397,19379.26888125
251,1634749200000,44.394,44.439,44.69,44.034,24521.2961062
252,1634745600000,43.93,44.372,44.93,43.811,48489.75894555
253,1634742000000,42.795,43.937,43.991,42.563,60131.13370136
254,1634738400000,42.312,42.807,43.097,42.219,23944.51405514
255,1634734800000,42.025,42.311,42.395,41.767,28190.88625128
256,1634731200000,41.314,42.025,42.025,41.3,14031.0300183
257,1634727600000,41.193,41.314,41.326,41.096,12810.11758369
258,1634724000000,41.31,41.193,41.359,41.156,22076.31111413
259,1634720400000,41.539,41.304,41.579,41.274,10696.63483354
260,1634716800000,41.582,41.515,41.686,41.489,8837.65863427
261,1634713200000,41.288,41.598,41.627,41.28,9484.29030656
262,1634709600000,41.387,41.292,41.536,41.269,9996.51494627
263,1634706000000,41.428,41.379,41.657,41.233,11608.68415387
264,1634702400000,41.256,41.422,41.422,41.221,11025.07739525
265,1634698800000,41.365,41.266,41.526,41.235,8413.23648551
266,1634695200000,41.536,41.359,41.683,41.298,12271.58494746
267,1634691600000,41.216,41.514,41.974,41.138,12088.20974086
268,1634688000000,41.352,41.27,41.444,41.093,1767.5040719
269,1634684400000,41.494,41.352,41.533,41.255,3338.83434523
270,1634680800000,41.09,41.53,41.546,41.046,5317.75720153
271,1634677200000,40.678,41.09,41.098,40.65,9706.42022913
272,1634673600000,40.74,40.754,40.872,40.607,1119.47741606
273,1634670000000,41.21,40.764,41.324,40.728,11420.90954755
274,1634666400000,41.279,41.211,41.499,41.067,14324.9576336
275,1634662800000,40.482,41.293,41.636,40.446,20552.0903917
276,1634659200000,40.225,40.455,40.473,40.207,1665.01620205
277,1634655600000,40.586,40.254,40.647,40.247,5836.37361758
278,1634652000000,40.718,40.665,40.736,40.051,7953.41606858
279,1634648400000,40.843,40.748,41.203,40.725,4571.96450446
280,1634644800000,40.95,40.911,41.098,40.86,2435.18130806
281,1634641200000,41.03,40.967,41.071,40.891,716.2303113199999
282,1634637600000,41.119,41.029,41.189,40.961,5071.15900311
283,1634634000000,41.006,41.112,41.213,40.829,2604.68539138
284,1634630400000,41.106,41.032,41.114,40.682,2839.43198772
285,1634626800000,40.919,41.131,41.224,40.876,1246.40116834
286,1634623200000,41.203,40.906,41.203,40.875,3522.44051822
287,1634619600000,41.22,41.207,41.33,41.059,828.69589396
288,1634616000000,41.336,41.268,41.606,41.209,4564.93872239
289,1634612400000,41.073,41.356,41.494,40.83,8526.26098268
290,1634608800000,40.98,41.057,41.138,40.915,7024.59386798
291,1634605200000,40.763,40.94,41.01,40.54,7753.29840314
292,1634601600000,41.188,40.735,41.251,40.7,2867.62375192
293,1634598000000,41.012,41.196,41.217,40.953,3432.97383313
294,1634594400000,40.921,41.061,41.122,40.728,3545.61139253
295,1634590800000,40.875,41.021,41.137,40.813,1945.79335966
296,1634587200000,40.61,40.942,41.119,40.36,5990.42367818
297,1634583600000,40.757,40.684,40.76,40.282,12494.02555671
298,1634580000000,40.407,40.759,40.797,40.314,11877.54134598
299,1634576400000,40.735,40.402,40.827,40.372,5272.26485362
300,1634572800000,41.153,40.735,41.275,40.5,14607.19798879
301,1634569200000,41.344,41.207,41.346,40.84,8729.0106854
302,1634565600000,41.713,41.403,41.961,40.943,108876.57860736
303,1634562000000,41.362,41.724,41.837,40.75,22863.56929293
304,1634558400000,41.37,41.38,41.834,41.222,7957.98113871
305,1634554800000,41.893,41.508,41.955,41.3,8702.95556728
306,1634551200000,41.775,41.999,42.122,41.308,27226.12417986
307,1634547600000,42.788,41.746,42.788,41.506,17850.38407187
308,1634544000000,42.591,42.787,43.07,42.432,7585.94681983
309,1634540400000,42.654,42.599,43.0,42.581,16757.7831123
310,1634536800000,42.552,42.654,42.691,42.357,2356.97693905
311,1634533200000,42.536,42.523,42.699,42.385,6938.43632908
312,1634529600000,42.517,42.536,42.536,42.247,26814.73100596
313,1634526000000,42.867,42.521,42.982,42.34,10173.9079291
314,1634522400000,42.72,42.907,43.111,42.69,6588.3334962
315,1634518800000,42.436,42.673,43.236,42.307,23956.879242400002
316,1634515200000,42.123,42.509,42.674,42.04,5068.53961583
317,1634511600000,41.768,42.072,42.128,41.682,11008.00732677
318,1634508000000,41.3,41.768,42.198,41.299,22299.53402024
319,1634504400000,40.301,41.3,41.3,40.168,15885.07581939
320,1634500800000,41.34,40.344,41.351,39.585,43669.82330823
321,1634497200000,41.717,41.285,41.717,41.096,3695.47276416
322,1634493600000,41.284,41.719,41.943,41.284,7036.25427648
323,1634490000000,41.509,41.3,41.611,41.28,2806.18446664
324,1634486400000,41.177,41.402,41.519,41.167,6057.0031181
325,1634482800000,41.884,41.205,41.912,40.988,28222.80671304
326,1634479200000,42.578,41.85,42.6,41.682,8567.88316991
327,1634475600000,41.774,42.554,42.568,41.739,8208.56424917
328,1634472000000,41.907,41.808,41.958,41.58,3774.1399427
329,1634468400000,42.243,41.867,42.412,41.867,4483.44858161
330,1634464800000,42.223,42.229,42.333,42.096,3219.59258616
331,1634461200000,42.136,42.192,42.409,42.026,2397.93369786
332,1634457600000,42.25,42.149,42.465,42.107,5127.14650872
333,1634454000000,42.381,42.243,42.736,42.243,3928.56626039
334,1634450400000,42.484,42.396,42.653,42.36,4232.61836452
335,1634446800000,42.565,42.469,42.803,42.437,5722.38517156
336,1634443200000,42.697,42.557,42.839,42.361,8093.13066171
337,1634439600000,42.302,42.676,42.676,42.185,6712.55516978
338,1634436000000,42.089,42.265,42.605,42.025,10140.43463831
339,1634432400000,41.685,42.07,42.226,41.684,13825.51343482
340,1634428800000,41.738,41.765,41.79,41.138,11414.89166799
341,1634425200000,41.872,41.677,42.179,41.644,6607.48521758
342,1634421600000,41.396,41.907,42.0,41.325,4692.97726613
343,1634418000000,41.817,41.371,41.817,41.371,1769.59015973
344,1634414400000,41.57,41.818,41.945,41.333,6922.96408798
345,1634410800000,41.792,41.571,41.972,41.528,2616.81543243
346,1634407200000,41.999,41.782,42.103,41.712,6113.78819752
347,1634403600000,42.512,42.022,42.512,41.514,9866.54825867
348,1634400000000,42.522,42.543,43.193,42.305,25918.83268538
349,1634396400000,42.442,42.504,42.627,42.183,3347.0281176
350,1634392800000,42.862,42.446,42.862,42.289,6453.49984321
351,1634389200000,42.378,42.796,42.862,42.207,7282.0844924
352,1634385600000,43.099,42.378,43.194,42.035,29413.96630177
353,1634382000000,43.276,43.142,43.52,43.057,11132.30361699
354,1634378400000,43.305,43.297,43.349,43.096,6480.8395711
355,1634374800000,43.756,43.275,43.757,43.241,2997.86793447
356,1634371200000,43.321,43.747,43.838,43.204,7926.47090017
357,1634367600000,43.22,43.311,43.475,42.845,6599.51517466
358,1634364000000,43.468,43.222,43.468,43.032,11561.59874839
359,1634360400000,43.592,43.481,43.791,43.349,3245.58583337
360,1634356800000,43.612,43.663,43.76,43.287,4975.12868986
361,1634353200000,44.294,43.615,44.294,43.364,25294.43420978
362,1634349600000,43.99,44.292,44.324,43.721,5529.73768748
363,1634346000000,44.12,44.05,44.772,43.498,26777.84779716
364,1634342400000,43.314,44.09,44.476,43.223,16537.29544623
365,1634338800000,43.606,43.306,44.216,43.052,30890.06260136
366,1634335200000,43.697,43.65,43.913,43.134,37848.48890931
367,1634331600000,43.217,43.757,43.757,42.719,8058.89657345
368,1634328000000,43.762,43.189,43.787,42.762,36053.13315624
369,1634324400000,42.122,43.711,43.9,42.122,61877.23740623
370,1634320800000,41.998,42.056,42.6,41.712,31903.87351242
371,1634317200000,40.564,41.943,42.162,40.459,59948.68296291
372,1634313600000,40.188,40.547,40.576,39.959,11590.32111357
373,1634310000000,40.108,40.186,40.554,40.042,20124.35059357
374,1634306400000,39.966,40.085,40.443,39.738,8888.53540373
375,1634302800000,39.602,39.965,40.022,39.6,7587.98945344
376,1634299200000,39.868,39.619,40.059,39.593,10254.62699436
377,1634295600000,39.872,39.921,40.22,39.819,7246.23488495
378,1634292000000,39.877,39.992,40.003,39.488,9581.38428894
379,1634288400000,39.79,39.894,40.159,39.497,43005.30932501
380,1634284800000,40.79,39.791,40.851,39.791,32509.21172882
381,1634281200000,41.172,40.751,41.358,40.733,10277.72511436
382,1634277600000,41.277,41.234,41.301,40.869,28995.97470859
383,1634274000000,40.57,41.277,41.999,40.517,69213.65170153
384,1634270400000,40.871,40.579,40.948,40.113,12618.39684303
385,1634266800000,40.617,40.861,41.449,40.517,17606.05853948
386,1634263200000,40.004,40.549,40.735,39.832,14532.76877511
387,1634259600000,39.983,40.014,40.192,39.558,8683.95004384
388,1634256000000,40.693,40.038,40.9,39.978,37225.74298316
389,1634252400000,40.489,40.7,40.902,40.28,16474.96039547
390,1634248800000,40.357,40.498,40.713,40.136,3758.03306553
391,1634245200000,40.134,40.464,40.634,40.081,7326.56595702
392,1634241600000,39.913,40.146,40.227,39.566,8358.40297914
393,1634238000000,40.117,39.988,40.164,39.361,33298.91546081
394,1634234400000,40.01,40.143,40.336,39.66,11518.47406637
395,1634230800000,39.857,40.09,40.41,39.823,10571.59472859
396,1634227200000,40.593,39.903,40.779,39.542,30863.76655041
397,1634223600000,40.69,40.585,40.814,40.181,21874.649956100002
398,1634220000000,40.385,40.729,40.875,40.335,23472.21098919
399,1634216400000,40.939,40.385,41.366,40.077,29884.52282873
400,1634212800000,41.623,40.942,41.623,40.927,13283.23025572
401,1634209200000,41.402,41.59,41.843,41.238,17454.57557227
402,1634205600000,42.315,41.394,42.481,41.206,42575.52045812
403,1634202000000,41.306,42.219,42.5,40.868,46388.0821126
404,1634198400000,40.994,41.356,41.693,40.994,32278.66113794
405,1634194800000,41.029,40.997,41.263,40.775,48710.58203452
406,1634191200000,41.36,40.997,41.458,40.927,10634.27246915
407,1634187600000,41.296,41.399,41.977,41.296,5772.95847383
408,1634184000000,41.51,41.277,42.376,41.277,12107.30565136
409,1634180400000,41.248,41.438,41.629,41.199,6143.07798915
410,1634176800000,41.2,41.226,41.883,40.8,13525.29355171
411,1634173200000,41.038,41.213,41.449,40.55,32572.03382723
412,1634169600000,41.719,40.999,42.223,40.714,14807.88850849
413,1634166000000,42.823,41.682,42.934,41.318,17576.06906396
414,1634162400000,41.233,42.786,42.955,40.994,55580.66483307
415,1634158800000,41.242,41.211,42.241,40.732,87655.14023771
416,1634155200000,42.418,41.252,43.204,40.775,170528.70181985
417,1634151600000,41.017,42.42,42.42,40.535,171656.89457749
418,1634148000000,35.084,41.016,41.714,35.084,66897.27103343
419,1634115600000,34.842,35.024,35.136,34.6,9668.20098179
420,1634112000000,34.27,34.892,35.471,34.27,12476.41756321
421,1634108400000,34.241,34.326,34.606,34.143,8762.72202637
422,1634104800000,33.728,34.243,34.316,33.644,6200.35901977
423,1634101200000,35.205,33.772,35.257,33.772,16628.57354817
424,1634097600000,35.082,35.193,35.253,34.887,3814.73892636
425,1634094000000,35.745,35.071,35.745,35.071,3652.00284449
426,1634090400000,35.391,35.755,35.766,35.376,3179.19961979
427,1634086800000,35.615,35.38,35.664,35.338,1469.75939408
428,1634083200000,35.15,35.614,35.742,34.911,21859.77505457
429,1634079600000,35.216,35.14,35.399,34.979,2913.98915686
430,1634076000000,34.936,35.239,35.27,34.869,6588.14586919
431,1634072400000,34.888,34.922,35.271,34.874,8617.82057053
432,1634068800000,34.007,34.797,35.12,33.841,20280.93254565
433,1634065200000,34.677,34.057,34.679,33.945,13570.75613022
434,1634061600000,33.615,34.636,34.698,33.558,19935.2607671
435,1634058000000,33.932,33.501,33.936,33.406,6852.82946956
436,1634054400000,33.874,33.856,34.036,33.627,9037.79188528
437,1634050800000,33.069,33.874,33.952,32.749,9600.77077341
438,1634047200000,33.327,33.025,33.702,32.815,10399.44833911
439,1634043600000,32.329,33.399,33.559,32.329,29243.99297077
440,1634040000000,32.809,32.314,32.839,32.079,5410.89798465
441,1634036400000,32.839,32.808,32.864,32.561,2531.3943425
442,1634032800000,32.572,32.837,32.837,32.272,15738.76642638
443,1634029200000,33.645,32.58,33.666,32.291,14825.4288392
444,1634025600000,33.255,33.638,33.829,33.115,12462.32043263
445,1634022000000,33.101,33.25,33.452,32.997,8594.79762115
446,1634018400000,33.353,33.082,33.581,33.082,5909.09955138
447,1634014800000,33.27,33.35,33.444,32.728,2912.86731181
448,1634011200000,33.03,33.318,33.393,32.829,2871.02492589
449,1634007600000,33.129,32.988,33.192,32.649,17165.79764309
450,1634004000000,33.751,33.129,33.821,33.068,9918.54698066
451,1634000400000,33.675,33.77,33.885,33.456,4132.92518065
452,1633996800000,34.105,33.649,34.142,33.286,6975.95883836
453,1633993200000,33.87,34.151,34.256,33.677,6648.58209634
454,1633989600000,33.716,33.85,34.104,33.708,7856.77026864
455,1633986000000,33.419,33.758,33.781,33.253,2785.15477299
456,1633982400000,33.643,33.413,33.747,33.332,30016.55494354
457,1633978800000,34.191,33.629,34.397,33.62,14715.05742789
458,1633975200000,34.526,34.227,34.582,34.121,15437.75225663
459,1633971600000,34.765,34.532,34.959,34.532,6995.11401178
460,1633968000000,34.884,34.829,35.049,34.722,4083.12190069
461,1633964400000,35.134,34.874,35.179,34.779,4857.00423925
462,1633960800000,35.118,35.267,35.315,34.697,27588.21112403
463,1633957200000,34.989,35.079,35.213,34.744,25619.48804717
464,1633953600000,35.231,34.942,35.388,34.841,25426.71315061
465,1633950000000,35.702,35.207,35.708,34.929,21906.2603379
466,1633946400000,35.627,35.626,36.035,35.596,13626.16854054
467,1633942800000,35.922,35.604,35.922,35.524,3284.32341443
468,1633939200000,35.339,35.894,36.055,35.339,52408.15400734
469,1633935600000,34.963,35.367,35.484,34.949,15786.45727076
470,1633932000000,34.765,34.959,35.053,34.765,3675.73269988
471,1633928400000,35.008,34.792,35.052,34.662,3936.67935727
472,1633924800000,34.772,35.058,35.416,34.713,18229.46785503
473,1633921200000,35.009,34.8,35.074,34.531,3612.99475479
474,1633917600000,34.739,34.993,34.993,34.739,1995.00698193
475,1633914000000,34.992,34.855,35.18,34.8,16590.25975758
476,1633910400000,34.44,35.089,35.107,34.031,11176.26817953
477,1633906800000,34.992,34.426,35.001,34.145,23117.405679
478,1633903200000,34.735,34.971,34.994,34.483,8628.9767492
479,1633899600000,35.417,34.841,35.417,34.29,89701.09707064
480,1633896000000,35.64,35.434,36.18,35.385,16030.2282562
481,1633892400000,35.754,35.787,35.894,35.635,2138.93909265
482,1633888800000,35.756,35.743,35.764,35.485,2530.82181686
483,1633885200000,35.529,35.778,35.828,35.352,12786.39041135
484,1633881600000,36.084,35.678,36.143,35.512,4328.04851471
485,1633878000000,36.128,36.063,36.162,35.939,3414.70458295
486,1633874400000,36.22,36.167,36.489,36.167,3751.7264849
487,1633870800000,36.047,36.253,36.518,35.828,9207.15633464
488,1633867200000,36.127,36.004,36.127,35.795,4021.77182881
489,1633863600000,36.031,36.131,36.167,35.791,2036.401505
490,1633860000000,35.976,36.03,36.123,35.829,4053.68075798
491,1633856400000,36.186,35.987,36.188,35.645,31116.02989478
492,1633852800000,36.253,36.244,36.275,36.032,17731.53098463
493,1633849200000,36.656,36.26,36.736,36.12,12968.64813071
494,1633845600000,36.513,36.613,36.877,36.383,10536.48831949
495,1633842000000,36.892,36.483,37.048,36.453,6764.11230351
496,1633838400000,37.101,36.93,37.193,36.715,6827.88576921
497,1633834800000,37.186,37.149,37.225,36.914,9848.4634754
498,1633831200000,36.588,37.208,37.421,36.368,36338.8379852
499,1633827600000,35.743,36.687,36.737,35.38,38895.85418223
500,1633824000000,36.349,35.763,36.36,35.659,7534.32511727
501,1633820400000,36.574,36.358,36.782,36.29,3423.38249832
502,1633816800000,36.814,36.598,36.888,36.43,2345.52818055
503,1633813200000,36.515,36.852,36.889,36.258,38334.10580855
504,1633809600000,36.098,36.488,36.575,35.825,6540.38883574
505,1633806000000,36.457,36.127,36.485,36.008,13194.24492026
506,1633802400000,36.353,36.459,36.632,36.141,11636.42531703
507,1633798800000,36.251,36.402,36.559,35.913,15734.57961155
508,1633795200000,35.404,36.251,36.3,35.404,39806.64672648
509,1633791600000,35.49,35.413,35.798,35.102,33593.36887203
510,1633788000000,34.811,35.49,35.5,34.811,24610.69748263
511,1633784400000,34.631,34.826,34.847,34.489,6463.26491051
512,1633780800000,34.511,34.587,34.763,34.511,4972.65197825
513,1633777200000,34.746,34.547,34.854,34.416,5004.76310122
514,1633773600000,34.256,34.749,34.767,34.213,6515.11800726
515,1633770000000,33.786,34.246,34.249,33.757,2760.17507421
516,1633766400000,34.176,33.774,34.188,33.641,3833.08326039
517,1633762800000,33.967,34.184,34.261,33.832,11453.39158011
518,1633759200000,33.522,33.964,33.967,33.522,6463.71349218
519,1633755600000,33.63,33.521,33.762,33.449,1754.52812075
520,1633752000000,33.448,33.635,33.661,33.434,3000.96784147
521,1633748400000,33.372,33.448,33.575,33.277,4764.53650429
522,1633744800000,33.213,33.363,33.383,33.001,2792.65010385
523,1633741200000,33.483,33.196,33.52,33.11,1936.8162207
524,1633737600000,33.389,33.442,33.539,33.099,4612.26428903
525,1633734000000,33.609,33.338,33.609,33.185,3301.37038884
526,1633730400000,33.42,33.611,33.713,33.337,4036.94533749
527,1633726800000,33.344,33.404,33.471,33.25,2059.85544391
528,1633723200000,33.85,33.344,33.893,33.312,3971.06315899
529,1633719600000,33.97,33.915,34.104,33.814,2976.75729025
530,1633716000000,33.711,33.962,33.962,33.711,1104.55411451
531,1633712400000,33.777,33.694,33.86,33.548,4285.16196635
532,1633708800000,33.854,33.749,34.41,33.671,23348.88363067
533,1633705200000,33.68,33.844,33.866,33.509,14820.78001147
534,1633701600000,33.413,33.744,33.86,33.413,12399.61589578
535,1633698000000,33.531,33.431,33.651,33.253,11779.34279041
536,1633694400000,33.49,33.54,33.832,33.023,6170.8950865
537,1633690800000,33.592,33.519,33.89,33.48,2882.80659258
538,1633687200000,33.709,33.583,33.838,33.383,11139.4251637
539,1633683600000,34.291,33.67,34.295,33.67,14760.17651884
540,1633680000000,34.119,34.259,34.488,33.912,29207.79819399
541,1633676400000,33.847,34.119,34.235,33.707,8430.55526566
542,1633672800000,33.986,33.841,33.987,33.67,2654.37896752
543,1633669200000,33.529,33.976,34.11,33.369,2542.45223442
544,1633665600000,33.526,33.611,33.754,33.32,5728.43228781
545,1633662000000,33.483,33.48,33.515,33.22,8802.94592324
546,1633658400000,33.676,33.475,33.731,33.382,10848.68736307
547,1633654800000,34.04,33.712,34.146,33.609,2401.07856488
548,1633651200000,34.002,34.054,34.24,33.808,7856.93081087
549,1633647600000,34.069,33.983,34.075,33.52,13945.34145191
550,1633644000000,34.196,34.07,34.196,33.646,8407.0674345
551,1633640400000,34.29,34.203,34.667,34.154,7330.80676842
552,1633636800000,34.294,34.268,34.63,34.031,4686.71844862
553,1633633200000,34.274,34.336,34.648,34.269,9283.00548303
554,1633629600000,34.364,34.266,34.377,34.126,6068.43981364
555,1633626000000,34.734,34.358,34.855,34.269,13313.05597793
556,1633622400000,35.045,34.798,35.067,34.28,24971.45710535
557,1633618800000,33.931,34.966,35.306,33.883,64922.90810594
558,1633615200000,34.494,33.93,34.557,33.241,38820.3604413
559,1633611600000,34.016,34.503,34.525,33.831,41216.91971805
560,1633608000000,34.589,34.032,34.589,33.565,37734.16063796
561,1633604400000,33.278,34.613,34.623,33.237,54161.01753193
562,1633600800000,33.445,33.253,33.63,33.012,28203.91240262
563,1633597200000,33.648,33.47,33.979,32.839,42122.61268291
564,1633593600000,32.432,33.756,33.77,32.375,54109.02248706
565,1633590000000,31.539,32.401,32.457,31.39,18510.51426318
566,1633586400000,31.535,31.558,32.118,31.497,8303.97288216
567,1633582800000,31.459,31.531,31.552,31.2,3898.21348735
568,1633579200000,31.383,31.529,31.811,31.381,9170.95001018
569,1633575600000,31.534,31.375,31.588,31.291,2373.78058795
570,1633572000000,31.382,31.553,31.777,31.314,12472.73724928
571,1633568400000,31.561,31.418,31.722,30.937,16956.83781437
572,1633564800000,32.238,31.581,32.238,31.287,18572.52193158
573,1633561200000,32.638,32.246,32.705,32.239,19370.87629777
574,1633557600000,32.625,32.622,32.793,32.398,11206.40989732
575,1633554000000,32.668,32.613,32.796,32.378,13379.54006473
576,1633550400000,32.473,32.672,33.058,32.413,14073.07227306
577,1633546800000,32.312,32.504,32.6,32.312,8398.806833480001
578,1633543200000,32.271,32.291,32.485,32.15,13644.31846023
579,1633539600000,32.614,32.292,32.69,32.129,11863.17585581
580,1633536000000,31.887,32.633,32.861,31.833,44079.77152627
581,1633532400000,31.761,31.884,32.0,31.526,11062.14830239
582,1633528800000,31.408,31.749,31.809,31.157,9190.92051836
583,1633525200000,30.452,31.37,31.829,30.336,33403.31108935
584,1633521600000,29.735,30.4,30.4,29.628,7706.12490003
585,1633518000000,29.774,29.757,29.947,29.693,3254.50351458
586,1633514400000,29.512,29.782,30.039,29.487,4392.35983603
587,1633510800000,29.499,29.477,29.601,29.16,4407.67529442
588,1633507200000,30.318,29.51,30.398,29.16,30182.51929794
589,1633503600000,30.631,30.318,30.631,30.184,8509.09329695
590,1633500000000,30.695,30.623,30.849,30.623,3198.40668365
591,1633496400000,30.606,30.717,30.805,30.551,1449.88244609
592,1633492800000,30.82,30.631,30.834,30.485,88699.05044565
593,1633489200000,31.053,30.82,31.074,30.668,104581.58005442
594,1633485600000,31.086,31.089,31.111,30.888,1859.20084898
595,1633482000000,31.202,31.11,31.202,30.9,3726.2231975
596,1633478400000,31.416,31.21,31.421,31.147,2829.70182792
597,1633474800000,31.515,31.432,31.622,31.396,2553.50807081
598,1633471200000,31.591,31.515,31.701,31.446,5881.01572398
599,1633467600000,31.486,31.58,31.774,31.462,2700.41908086
600,1633464000000,31.447,31.489,31.843,31.386,44188.59464327
601,1633460400000,31.166,31.4,31.463,31.146,2985.8522623100002
602,1633456800000,31.045,31.189,31.258,31.023,5733.87620585
603,1633453200000,30.941,30.983,30.989,30.886,1113.98023973
604,1633449600000,30.869,30.936,30.979,30.716,4304.61820947
605,1633446000000,30.853,30.792,31.063,30.716,5773.0529418099995
606,1633442400000,31.469,30.89,31.518,30.555,17541.3354353
607,1633438800000,31.694,31.468,31.711,31.359,6285.13090585
608,1633435200000,31.8,31.722,31.817,31.682,4036.25700318
609,1633431600000,31.879,31.786,32.051,31.743,5024.84283787
610,1633428000000,31.961,31.88,32.138,31.823,7671.77195621
611,1633424400000,31.573,31.951,32.045,31.338,10355.4994763
612,1633420800000,31.421,31.604,31.65,31.322,3148.57668204
613,1633417200000,31.283,31.453,31.549,31.283,8596.9290597
614,1633413600000,31.394,31.325,31.489,31.312,2981.83888196
615,1633410000000,31.171,31.425,31.455,31.164,1728.83845014
616,1633406400000,31.566,31.171,31.566,31.143,3710.21453893
617,1633402800000,31.145,31.58,31.58,31.098,7828.59851299
618,1633399200000,31.272,31.142,31.302,31.086,6406.54439822
619,1633395600000,31.361,31.273,31.656,31.22,9333.68052063
620,1633392000000,31.169,31.349,31.39,30.842,16482.82405566
621,1633388400000,30.89,31.176,31.298,30.849,12022.83667495
622,1633384800000,31.042,30.918,31.147,30.845,21322.75744199
623,1633381200000,30.917,31.051,31.068,30.827,6588.16512516
624,1633377600000,31.366,30.921,31.511,30.848,15971.4667464
625,1633374000000,31.398,31.34,31.506,31.177,19522.84686679
626,1633370400000,31.56,31.375,31.56,31.267,20184.46385167
627,1633366800000,31.022,31.458,31.55,30.784,12602.6524517
628,1633363200000,30.855,31.05,31.39,30.855,5658.2070234
629,1633359600000,30.411,30.901,30.901,30.067,10244.43204316
630,1633356000000,31.31,30.538,31.551,30.351,14398.94453171
631,1633352400000,31.118,31.265,31.429,31.074,2675.18806278
632,1633348800000,30.783,31.196,31.226,30.676,3241.72371359
633,1633345200000,30.935,30.881,30.935,30.479,5175.09778511
634,1633341600000,31.057,30.946,31.12,30.786,2871.00638469
635,1633338000000,30.948,31.123,31.134,30.822,2629.1683398
636,1633334400000,31.288,30.955,31.288,30.777,5332.06637002
637,1633330800000,30.976,31.289,31.321,30.882,2841.58158338
638,1633327200000,31.133,31.007,31.133,30.857,1926.76269148
639,1633323600000,31.128,31.16,31.244,31.06,2382.42300988
640,1633320000000,30.896,31.146,31.159,30.638,4049.71134347
641,1633316400000,31.08,30.934,31.259,30.82,17447.94828315
642,1633312800000,31.582,31.153,31.582,31.082,6167.2044745700005
643,1633309200000,31.508,31.663,31.876,31.385,14714.56255614
644,1633305600000,32.058,31.622,32.094,31.514,3058.15085719
645,1633302000000,31.913,32.135,32.232,31.809,3868.65409053
646,1633298400000,31.695,31.941,32.164,31.695,6845.5034948600005
647,1633294800000,32.044,31.733,32.068,31.651,7460.10705202
648,1633291200000,32.376,32.012,32.437,31.982,4921.08910442
649,1633287600000,32.406,32.421,32.564,32.376,6023.9023883
650,1633284000000,32.393,32.4,32.675,32.209,7356.98519024
651,1633280400000,32.012,32.373,32.388,31.51,14608.28701014
652,1633276800000,31.97,32.009,32.138,31.93,1431.60215441
653,1633273200000,32.246,31.976,32.366,31.865,3295.64573181
654,1633269600000,32.617,32.215,32.694,32.199,4840.65509177
655,1633266000000,32.036,32.607,32.629,31.917,3321.27663326
656,1633262400000,32.112,32.062,32.211,31.861,5156.05964109
657,1633258800000,31.814,32.164,32.164,31.767,7956.8629291
658,1633255200000,31.812,31.814,32.053,31.686,2065.57745003
659,1633251600000,31.796,31.81,31.889,31.525,3057.32068349
660,1633248000000,31.96,31.859,32.118,31.824,15171.60951589
661,1633244400000,32.194,31.993,32.245,31.96,1689.17755708
662,1633240800000,32.229,32.216,32.38,32.045,7408.4683542
663,1633237200000,31.963,32.224,32.291,31.912,7721.50904635
664,1633233600000,32.165,31.969,32.189,31.923,2316.05101011
665,1633230000000,31.75,32.165,32.165,31.694,8646.43442563
666,1633226400000,31.825,31.749,32.147,31.749,6529.70552762
667,1633222800000,31.502,31.824,31.946,31.339,7538.68673413
668,1633219200000,32.032,31.49,32.385,31.282,20636.38483777
669,1633215600000,32.621,32.054,32.784,31.843,12118.65616616
670,1633212000000,32.807,32.585,33.004,32.585,6178.02362944
671,1633208400000,32.741,32.881,32.93,32.647,5389.10614266
672,1633204800000,33.09,32.68,33.102,32.646,5706.666462
673,1633201200000,33.084,33.088,33.29,32.984,7054.27883459
674,1633197600000,33.066,33.073,33.183,32.913,6028.55244212
675,1633194000000,33.166,33.043,33.392,32.913,6404.71036477
676,1633190400000,32.957,33.195,33.27,32.537,15759.35600742
677,1633186800000,32.85,32.908,32.994,32.742,5927.91136527
678,1633183200000,32.457,32.846,32.896,32.429,11953.439604700001
679,1633179600000,32.09,32.418,32.685,32.09,11161.38624395
680,1633176000000,32.182,32.087,32.272,32.087,3923.32276946
681,1633172400000,32.048,32.182,32.25,31.853,135864.97270611
682,1633168800000,32.208,32.025,32.279,31.993,2272.04072107
683,1633165200000,32.31,32.208,32.495,32.176,7439.49856683
684,1633161600000,32.066,32.311,32.34,31.753,3503.61161793
685,1633158000000,32.241,32.179,32.241,31.996,2306.81677112
686,1633154400000,31.882,32.207,32.271,31.878,4098.79627615
687,1633150800000,31.916,31.968,32.179,31.839,3101.55069361
688,1633147200000,31.794,31.916,32.076,31.677,4920.10588011
689,1633143600000,32.439,31.825,32.552,31.705,8530.44784325
690,1633140000000,32.199,32.425,32.689,32.055,7342.81073073
691,1633136400000,32.162,32.187,32.7,32.041,5987.36234917
692,1633132800000,31.957,32.232,32.232,31.58,16694.06947586
693,1633129200000,31.664,31.948,32.0,31.657,3063.21677201
694,1633125600000,32.03,31.618,32.3,31.347,20919.51909359
695,1633122000000,31.987,32.051,32.068,31.831,5238.05513954
696,1633118400000,32.049,32.061,32.134,31.607,6905.51256172
697,1633114800000,31.724,32.062,32.319,31.702,19723.91362326
698,1633111200000,31.782,31.715,32.003,31.559,35098.99009174
699,1633107600000,31.551,31.768,31.907,31.331,36890.28176016
700,1633104000000,31.378,31.487,31.625,31.13,20764.85327822
701,1633100400000,30.684,31.352,31.39,30.684,26034.02510213
702,1633096800000,30.66,30.683,30.922,30.376,24099.39116754
703,1633093200000,30.812,30.715,31.083,30.639,5747.03190393
704,1633089600000,30.978,30.803,31.399,30.73,26824.53020253
705,1633086000000,30.598,30.986,30.991,30.366,8353.79717134
706,1633082400000,29.764,30.527,30.985,29.578,42536.85948557
707,1633078800000,29.673,29.752,29.924,29.53,20038.89212124
708,1633075200000,29.425,29.672,29.731,29.418,16199.28992155
709,1633071600000,28.96,29.428,29.428,28.901,12022.42804894
710,1633068000000,28.895,28.936,29.095,28.712,7607.97116502
711,1633064400000,28.693,28.897,28.933,28.627,1361.16986856
712,1633060800000,28.708,28.686,28.867,28.586,1818.0235816
713,1633057200000,28.6,28.706,28.874,28.576,9622.76116744
714,1633053600000,28.996,28.628,29.023,28.52,4063.72820507
715,1633050000000,29.0,28.996,29.217,28.832,10905.34575442
716,1633046400000,28.62,29.068,29.315,28.609,8172.99860295
717,1633042800000,28.572,28.599,28.635,28.4,2682.28203496
718,1633039200000,28.656,28.568,28.656,28.463,2949.57037948
719,1633035600000,28.289,28.659,28.683,28.284,1738.35940797
720,1633032000000,28.443,28.278,28.527,28.116,4097.67589227
721,1633028400000,28.788,28.502,28.988,28.423,8127.81005755
722,1633024800000,28.07,28.774,28.774,28.07,10532.71421936
723,1633021200000,28.026,28.121,28.236,27.961,5317.85505661
724,1633017600000,28.084,27.978,28.131,27.861,2202.62720358
725,1633014000000,27.99,28.091,28.318,27.929,5355.71255304
726,1633010400000,27.899,27.974,27.974,27.726,3855.39005101
727,1633006800000,28.13,27.906,28.32,27.906,2937.14187937
728,1633003200000,27.872,28.127,28.371,27.844,4121.90065994
729,1632999600000,27.724,27.813,27.908,27.724,2490.19573967
730,1632996000000,28.185,27.679,28.185,26.11,5479.51392332
731,1632992400000,27.949,27.931,28.051,27.93,170.87061998
732,1632985200000,28.045,27.927,28.071,27.759,4464.79898516
733,1632981600000,28.214,28.109,28.316,28.109,3443.10628689
734,1632978000000,28.234,28.179,28.287,27.995,1871.61010524
735,1632974400000,28.351,28.222,28.437,28.222,1157.78668098
736,1632970800000,28.224,28.297,28.321,28.013,2032.02953016
737,1632967200000,28.191,28.188,28.224,27.989,2846.70753019
738,1632963600000,27.987,28.161,28.332,27.827,6365.06614578
739,1632960000000,27.241,28.004,28.004,27.149,7631.868621
740,1632956400000,27.053,27.273,27.293,26.969,2244.26133848
741,1632952800000,26.81,27.131,27.131,26.654,4283.19431594
742,1632949200000,26.652,26.796,26.848,26.538,1679.74518369
743,1632945600000,26.797,26.625,26.797,26.463,4527.87774893
744,1632942000000,26.952,26.808,27.107,26.784,4497.91576994
745,1632938400000,27.028,26.952,27.254,26.844,5385.66636104
746,1632934800000,27.41,27.053,27.485,27.053,2620.98431315
747,1632931200000,27.641,27.407,27.757,27.343,4795.45748847
748,1632927600000,28.217,27.612,28.341,27.55,9453.4089219
749,1632924000000,28.292,28.211,28.394,28.134,5716.01702335
750,1632920400000,27.997,28.258,28.325,27.836,4927.7053078
751,1632916800000,28.349,28.02,28.497,27.888,7380.73852462
752,1632913200000,28.36,28.347,28.393,28.033,37900.60461518
753,1632909600000,27.569,28.365,28.56,27.561,30679.6016971
754,1632906000000,27.712,27.585,27.712,27.423,7750.81816079
755,1632902400000,27.777,27.722,27.782,27.617,2682.90116353
756,1632898800000,27.751,27.771,27.801,27.722,2502.85127048
757,1632895200000,27.534,27.768,27.83,27.417,6767.84009788
758,1632891600000,27.537,27.479,27.57,27.26,3259.09296699
759,1632888000000,27.496,27.559,27.68,27.416,3390.77156577
760,1632884400000,27.082,27.427,27.52,26.97,3517.35662507
761,1632880800000,26.983,27.059,27.29,26.983,5128.80710844
762,1632877200000,26.858,26.919,27.19,26.718,18622.24828467
763,1632873600000,26.292,26.847,26.942,26.12,8996.18215226
764,1632870000000,26.575,26.34,27.045,26.178,13508.20384471
765,1632866400000,27.052,26.602,27.052,26.592,3516.90714016
766,1632862800000,26.801,27.0,27.0,26.8,952.46418695
767,1632859200000,26.677,26.79,26.96,26.674,9723.54673091
768,1632855600000,26.784,26.638,26.94,26.46,5386.8021484500005
769,1632852000000,26.659,26.776,26.916,26.463,3943.48758736
770,1632848400000,26.663,26.684,26.744,26.419,5424.80805047
771,1632844800000,26.979,26.617,27.213,26.617,9127.07386568
772,1632841200000,27.259,27.004,27.276,26.969,5557.70179683
773,1632837600000,27.672,27.234,27.834,27.11,14262.7949866
774,1632834000000,27.616,27.714,28.165,27.616,14501.51199304
775,1632830400000,27.962,27.581,28.02,27.55,5823.00900772
776,1632826800000,27.59,27.959,27.994,27.499,4800.66579498
777,1632823200000,27.654,27.59,27.725,27.4,3826.48109706
778,1632819600000,27.621,27.645,27.834,27.406,4589.90321991
779,1632816000000,27.398,27.477,27.745,27.287,7949.58993426
780,1632812400000,27.798,27.348,27.851,27.252,7863.65156799
781,1632808800000,28.011,27.798,28.1,27.564,4653.65539122
782,1632805200000,28.153,27.977,28.286,27.95,2675.5307865
783,1632801600000,28.116,28.152,28.369,28.053,4274.91726088
784,1632798000000,27.825,28.124,28.229,27.759,4200.830822
785,1632794400000,27.962,27.844,28.094,27.686,2227.39522309
786,1632790800000,27.801,27.94,27.958,27.447,5472.72865439
787,1632787200000,27.71,27.759,28.151,27.566,4429.8007961700005
788,1632783600000,28.291,27.749,28.333,27.665,7193.39818761
789,1632780000000,28.311,28.291,28.634,28.163,11010.49246446
790,1632776400000,27.754,28.301,28.329,27.678,13192.969948
791,1632772800000,27.867,27.744,28.143,27.608,18595.105503
792,1632769200000,28.01,27.887,28.067,27.824,4198.12028815
793,1632765600000,28.011,27.938,28.167,27.851,2456.32143131
794,1632762000000,28.201,28.013,28.366,27.846,16997.13651219
795,1632758400000,28.651,28.178,28.672,27.848,15110.61135625
796,1632754800000,28.623,28.671,28.76,28.429,9191.77557519
797,1632751200000,28.844,28.603,29.401,28.46,20301.87515029
798,1632747600000,28.908,28.857,29.082,28.733,13005.21860014
799,1632744000000,29.224,28.925,29.355,28.76,19098.52756289
800,1632740400000,29.143,29.25,29.356,29.047,13505.89019124
801,1632736800000,29.047,29.104,29.483,29.038,5578.77768281
802,1632733200000,29.514,29.103,29.834,28.997,8541.31211836
803,1632729600000,29.312,29.512,29.604,29.298,2484.68972572
804,1632726000000,29.347,29.326,29.621,29.271,5298.22971292
805,1632722400000,29.925,29.369,30.008,29.369,6467.78636282
806,1632718800000,29.528,29.841,29.999,29.528,18702.97529521
807,1632715200000,29.63,29.558,29.817,29.448,2247.26939546
808,1632711600000,29.778,29.63,30.232,29.435,9270.12544486
809,1632708000000,29.954,29.746,29.985,29.5,5083.25009462
810,1632704400000,29.324,29.946,29.977,29.218,55342.13900662
811,1632700800000,28.782,29.324,29.324,28.328,9738.4762272
812,1632697200000,28.73,28.909,28.909,28.455,10347.68190192
813,1632693600000,29.372,28.749,29.65,28.627,34678.05890198
814,1632690000000,29.474,29.385,29.552,29.265,1364.0033426
815,1632686400000,29.201,29.48,29.65,29.087,4311.4469108
816,1632682800000,29.032,29.066,29.21,28.92,2890.8418834
817,1632679200000,29.344,29.041,29.358,28.998,3416.73685454
818,1632675600000,29.297,29.299,29.473,29.126,2109.6389503
819,1632672000000,29.761,29.246,29.8,29.128,4336.07407708
820,1632668400000,29.364,29.656,29.836,29.337,10225.3757906
821,1632664800000,29.321,29.425,29.539,29.122,2878.39778889
822,1632661200000,29.543,29.251,29.608,29.148,3253.64988024
823,1632657600000,29.234,29.359,29.838,29.234,13344.42593566
824,1632654000000,28.844,29.162,29.503,28.844,9038.41731361
825,1632650400000,29.292,28.926,29.553,28.665,15029.66859323
826,1632646800000,27.382,29.289,30.034,27.365,40978.38054559
827,1632643200000,27.364,27.336,27.751,26.8,18606.97148571
828,1632639600000,28.581,27.358,28.761,26.973,17451.34481842
829,1632636000000,28.715,28.595,28.925,28.559,3040.98392002
830,1632632400000,29.054,28.746,29.116,28.663,4979.43193799
831,1632628800000,28.985,29.047,29.047,28.516,3185.10499603
832,1632625200000,28.653,28.982,29.199,28.538,6791.03213337
833,1632621600000,28.88,28.684,28.951,28.377,14954.65961154
834,1632618000000,28.986,28.884,29.082,28.584,11483.47315263
835,1632614400000,29.83,28.987,29.996,28.673,12138.32214692
836,1632610800000,30.033,29.856,30.069,29.66,3717.25352086
837,1632607200000,29.818,29.961,30.205,29.749,6085.33560688
838,1632603600000,30.028,29.804,30.028,29.517,14284.50219382
839,1632600000000,30.235,30.077,30.244,29.8,5975.56981752
840,1632596400000,29.898,30.227,30.343,29.827,6546.05561635
841,1632592800000,30.103,29.962,30.391,29.773,11073.86677157
842,1632589200000,30.156,30.232,30.376,30.044,2517.63390726
843,1632585600000,30.296,30.226,30.414,29.904,6683.85950877
844,1632582000000,29.958,30.295,30.6,29.787,9992.88555271
845,1632578400000,30.391,29.991,30.391,29.832,9270.38602078
846,1632574800000,30.282,30.41,30.827,30.2,8260.56920887
847,1632571200000,30.555,30.37,30.798,30.332,6353.23183809
848,1632567600000,30.648,30.589,30.648,30.165,5963.26836149
849,1632564000000,30.866,30.7,31.098,30.624,4548.21631402
850,1632560400000,30.511,30.829,31.124,30.338,12965.95760002
851,1632556800000,30.388,30.456,30.617,29.452,15402.08862569
852,1632553200000,31.3,30.397,31.321,30.186,15994.41716824
853,1632549600000,31.071,31.279,31.371,30.999,3907.6070807
854,1632546000000,31.401,31.034,31.571,30.979,7245.21364974
855,1632542400000,31.473,31.485,31.922,31.449,6348.00106487
856,1632538800000,31.041,31.456,31.686,31.041,14567.744895580001
857,1632535200000,31.573,30.95,31.663,30.95,3912.64279241
858,1632531600000,31.826,31.446,31.86,30.607,12053.34057917
859,1632528000000,30.87,31.836,32.218,30.723,25787.47658861
860,1632524400000,31.323,30.872,31.352,30.567,8627.01197694
861,1632520800000,31.109,31.353,31.39,30.945,19439.28723733
862,1632517200000,30.799,31.038,31.444,30.786,20646.35738115
863,1632513600000,30.327,30.783,30.884,30.327,23167.56249576
864,1632510000000,30.084,30.323,30.728,30.059,14448.34137645
865,1632506400000,30.043,30.107,30.336,29.886,7676.08749207
866,1632502800000,30.19,30.005,30.384,29.785,12770.98163664
867,1632499200000,30.094,30.32,30.586,29.981,16084.43226365
868,1632495600000,30.698,30.215,30.811,29.868,25638.39818202
869,1632492000000,30.097,30.776,31.195,30.087,20018.44719436
870,1632488400000,29.015,30.127,30.185,28.695,21130.29589704
871,1632484800000,29.441,28.995,29.537,28.872,20363.79355969
872,1632481200000,29.014,29.514,29.557,27.975,62314.98390089
873,1632477600000,28.945,29.047,29.818,28.654,94209.93877641
874,1632474000000,32.381,28.956,32.397,28.902,102215.17124095
875,1632470400000,32.756,32.35,33.203,32.283,19924.32807456
876,1632466800000,32.079,32.795,32.91,32.079,78434.29944133
877,1632463200000,32.186,32.118,32.866,32.091,20622.8724906
878,1632459600000,32.026,32.193,32.219,31.542,11616.12027727
879,1632456000000,32.159,32.056,32.309,31.811,8600.285120819999
880,1632452400000,32.062,32.198,32.539,32.062,3905.02208173
881,1632448800000,32.709,32.117,32.761,31.968,23727.95481712
882,1632445200000,32.894,32.682,33.29,32.583,15531.81059114
883,1632441600000,33.447,32.893,33.507,32.877,12800.48777204
884,1632438000000,32.898,33.445,33.6,32.702,19137.83076568
885,1632434400000,32.711,32.933,32.999,32.521,13715.45872004
886,1632430800000,32.684,32.685,32.796,32.318,8672.89679232
887,1632427200000,32.822,32.661,32.998,32.561,6832.59606115
888,1632423600000,32.412,32.781,32.816,32.412,9150.52022729
889,1632420000000,32.481,32.371,32.651,32.142,12183.10654566
890,1632416400000,31.423,32.515,32.778,31.411,21360.58887531
891,1632412800000,31.278,31.366,31.448,31.102,9162.55924753
892,1632409200000,31.725,31.28,31.781,31.113,11980.38329093
893,1632405600000,31.478,31.717,31.804,31.358,11839.97036527
894,1632402000000,31.081,31.466,31.633,30.84,11992.532326819999
895,1632398400000,30.588,31.033,31.425,30.517,10707.43189708
896,1632394800000,31.0,30.576,31.0,30.435,6838.8397887500005
897,1632391200000,31.268,31.0,31.466,30.65,17319.68023133
898,1632387600000,31.291,31.35,31.54,31.136,5731.53121716
899,1632384000000,31.895,31.331,31.93,31.235,5799.64150898
900,1632380400000,31.972,31.868,31.994,31.731,6600.91963454
901,1632376800000,31.531,32.04,32.083,31.52,5025.17632998
902,1632373200000,32.161,31.534,32.279,31.518,13402.21887566
903,1632369600000,32.001,32.207,32.53,31.855,13937.75252166
904,1632366000000,31.468,32.034,32.078,31.22,7469.8501579
905,1632362400000,31.392,31.457,31.566,31.201,4436.92746044
906,1632358800000,31.144,31.373,31.421,30.803,8324.15600405
907,1632355200000,31.62,31.158,31.837,31.097,22556.79454658
908,1632351600000,31.479,31.697,31.765,31.161,67173.17595258
909,1632348000000,31.282,31.505,32.001,31.2,23113.73641041
910,1632344400000,31.856,31.241,31.9,30.94,11185.42074259
911,1632340800000,31.48,31.848,31.882,31.256,39539.15077764
912,1632337200000,30.724,31.479,31.779,30.708,46532.52552329
913,1632333600000,30.647,30.762,31.839,30.563,21364.12920024
914,1632330000000,31.26,30.652,31.326,30.4,20941.18285053
915,1632326400000,30.375,31.275,31.287,30.241,31708.24136158
916,1632322800000,29.723,30.404,30.471,29.723,20067.94025719
917,1632319200000,29.133,29.699,29.993,29.027,49048.909357
918,1632315600000,28.571,29.129,29.255,28.559,19777.34794363
919,1632312000000,28.016,28.665,28.699,27.958,7283.62261153
920,1632308400000,28.6,28.015,28.756,27.838,16130.79240077
921,1632304800000,28.638,28.558,28.828,28.2,17299.97702886
922,1632301200000,28.203,28.574,28.629,28.086,7562.2316518
923,1632297600000,28.528,28.203,28.559,28.033,6970.95489725
924,1632294000000,27.981,28.556,28.814,27.893,55532.20036306
925,1632290400000,27.533,27.88,28.002,27.198,5932.97814766
926,1632286800000,27.133,27.546,27.724,27.119,11706.88008351
927,1632283200000,27.366,27.057,27.508,26.999,12651.830183260001
928,1632279600000,27.367,27.378,27.642,27.306,8017.22702857
929,1632276000000,27.622,27.364,27.788,27.244,12184.64213299
930,1632272400000,26.724,27.661,27.761,26.377,28267.66082016
931,1632268800000,26.406,26.652,27.103,25.969,52078.31716005
932,1632265200000,26.253,26.41,26.538,25.72,19937.44471697
933,1632261600000,26.913,26.206,27.329,26.17,17100.40717678
934,1632258000000,26.422,27.032,27.308,25.521,30553.81414858
935,1632254400000,27.525,26.432,27.728,26.277,37585.62279912
936,1632250800000,27.768,27.539,27.983,27.49,26276.99814254
937,1632247200000,27.635,27.751,28.099,27.578,23271.44551065
938,1632243600000,28.398,27.64,28.539,27.564,23563.64985006
939,1632240000000,29.129,28.35,29.284,28.329,19079.36112296
940,1632236400000,28.459,29.125,29.168,28.386,17306.97160029
941,1632232800000,29.332,28.45,29.354,28.212,32389.50700283
942,1632229200000,29.335,29.262,29.696,29.038,19438.99943883
943,1632225600000,29.697,29.335,30.095,29.223,44840.33336218
944,1632222000000,29.99,29.7,30.217,29.674,34747.96458371
945,1632218400000,29.719,29.979,30.165,29.333,81442.16737731
946,1632214800000,30.201,29.721,30.279,29.586,207981.79729034
947,1632211200000,29.559,30.159,30.353,29.359,21755.16393836
948,1632207600000,29.251,29.523,29.569,28.925,8802.73285473
949,1632204000000,28.739,29.244,29.461,28.701,8588.39825675
950,1632200400000,28.555,28.713,28.92,27.991,14120.84924478
951,1632196800000,28.738,28.555,29.068,28.275,7246.43297115
952,1632193200000,29.472,28.783,29.586,28.689,6165.51305079
953,1632189600000,29.055,29.568,29.682,28.786,286062.32433851
954,1632186000000,27.391,29.021,29.064,27.3,209189.40254984
955,1632182400000,28.284,27.387,28.332,26.436,291582.43067888
956,1632178800000,28.693,28.299,29.03,27.751,100588.59824761
957,1632175200000,28.975,28.641,29.493,28.533,152375.93265835
958,1632171600000,28.519,28.916,29.242,28.404,7837.10092282
959,1632168000000,28.888,28.542,29.021,28.182,16262.05937241
960,1632164400000,28.533,28.899,28.979,27.804,35490.64880512
961,1632160800000,29.679,28.552,29.764,28.4,54530.78562942
962,1632157200000,29.473,29.688,29.786,29.251,24939.80633186
963,1632153600000,29.449,29.479,29.858,29.111,72312.88130171
964,1632150000000,29.44,29.459,29.902,28.999,49533.25294245
965,1632146400000,29.832,29.506,29.832,29.176,39626.40422606
966,1632142800000,28.924,29.808,29.953,28.535,75520.30535569
967,1632139200000,28.838,28.937,29.228,26.581,143961.17695017
968,1632135600000,29.811,28.86,29.857,28.176,86296.04087439
969,1632132000000,30.478,29.821,30.837,29.625,67704.06767328
970,1632128400000,30.926,30.461,31.078,30.41,9545.43714091
971,1632124800000,30.647,30.949,31.0,30.485,15327.16483928
972,1632121200000,31.563,30.65,31.739,30.209,56870.75687783
973,1632117600000,31.656,31.539,31.753,31.271,15899.67103757
974,1632114000000,31.664,31.655,31.962,31.488,50047.30005904
975,1632110400000,31.41,31.689,31.839,31.0,28735.47125827
976,1632106800000,31.984,31.45,32.17,31.0,52731.96992008
977,1632103200000,33.36,32.027,33.36,31.945,43563.12471757
978,1632099600000,32.942,33.344,33.387,32.803,3934.23049587
979,1632096000000,33.856,32.942,33.884,32.519,29826.17398378
980,1632092400000,33.253,33.851,33.851,33.238,5624.85202354
981,1632088800000,34.03,33.254,34.089,33.12,15401.55670515
982,1632085200000,34.352,33.993,34.4,33.836,6774.3705712
983,1632081600000,33.994,34.285,34.4,33.921,8045.96894066
984,1632078000000,34.513,34.027,34.543,34.027,4675.63176594
985,1632074400000,33.997,34.513,34.573,33.916,9584.47990838
986,1632070800000,34.095,34.023,34.3,33.819,7809.07428476
987,1632067200000,33.86,34.106,34.434,33.755,16350.42886822
988,1632063600000,33.68,33.932,34.123,33.68,9759.85464537
989,1632060000000,33.732,33.713,33.949,33.665,6378.97926715
990,1632056400000,33.397,33.724,33.922,33.338,16604.74027934
991,1632052800000,33.19,33.435,33.549,33.069,14881.43548284
992,1632049200000,33.891,33.247,33.918,33.026,32634.48788496
993,1632045600000,34.075,33.881,34.114,33.85,13046.23771781
994,1632042000000,34.311,34.09,34.349,34.027,9693.21210528
995,1632038400000,34.132,34.31,34.476,34.065,15544.10190545
996,1632034800000,34.161,34.133,34.269,33.997,1433.81302026
997,1632031200000,34.128,34.056,34.155,33.985,1934.49885459
998,1632027600000,33.945,34.127,34.127,33.855,1608.83618307
999,1632024000000,33.92,33.945,34.146,33.829,2432.34652632
